{"cameraMode":{"drawMode":0,"name":"Shaded","section":"Shading Mode"},"sceneLighting":false,"audioPlay":false,"sceneViewState":{"showFog":true,"showMaterialUpdate":false,"showSkybox":false,"showFlares":true,"showImageEffects":true,"showParticleSystems":true},"in2DMode":false,"pivot":{"x":-55.37871551513672,"y":28.914024353027345,"z":-55.789154052734378},"rotation":{"x":0.10651624202728272,"y":0.6326969861984253,"z":-0.08844941109418869,"w":0.7619249224662781},"size":2.265437126159668,"orthographic":false}