{"cameraMode":{"drawMode":0,"name":"Shaded","section":"Shading Mode"},"sceneLighting":false,"audioPlay":false,"sceneViewState":{"showFog":true,"showMaterialUpdate":false,"showSkybox":false,"showFlares":true,"showImageEffects":true,"showParticleSystems":true},"in2DMode":false,"pivot":{"x":0.8508949279785156,"y":0.6325303316116333,"z":-9.631808280944825},"rotation":{"x":0.11810579150915146,"y":-0.22291263937950135,"z":0.027218468487262727,"w":0.9672753214836121},"size":2.1932122707366945,"orthographic":true}