{"cameraMode":{"drawMode":0,"name":"Shaded","section":"Shading Mode"},"sceneLighting":false,"audioPlay":false,"sceneViewState":{"showFog":true,"showMaterialUpdate":false,"showSkybox":false,"showFlares":true,"showImageEffects":true,"showParticleSystems":true},"in2DMode":false,"pivot":{"x":-50.876182556152347,"y":17.341035842895509,"z":-39.13134765625},"rotation":{"x":0.017996953800320627,"y":-0.014997072517871857,"z":0.00026998677640222013,"w":0.9997259378433228},"size":4.64177131652832,"orthographic":true}