{"cameraMode":{"drawMode":0,"name":"Shaded","section":"Shading Mode"},"sceneLighting":false,"audioPlay":false,"sceneViewState":{"showFog":true,"showMaterialUpdate":false,"showSkybox":false,"showFlares":true,"showImageEffects":true,"showParticleSystems":true},"in2DMode":false,"pivot":{"x":-63.76966857910156,"y":20.75867462158203,"z":-48.3656120300293},"rotation":{"x":0.11810579150915146,"y":-0.22291263937950135,"z":0.027218468487262727,"w":0.9672753214836121},"size":2.261503219604492,"orthographic":true}