{"cameraMode":{"drawMode":0,"name":"Shaded","section":"Shading Mode"},"sceneLighting":false,"audioPlay":false,"sceneViewState":{"showFog":true,"showMaterialUpdate":false,"showSkybox":false,"showFlares":true,"showImageEffects":true,"showParticleSystems":true},"in2DMode":false,"pivot":{"x":-0.21705380082130433,"y":2.334251880645752,"z":0.835156261920929},"rotation":{"x":0.006988667882978916,"y":0.9927095174789429,"z":-0.09649378061294556,"w":0.07189479470252991},"size":8.465015411376954,"orthographic":true}